{
  "accuracy": 0.918,
  "macro_f1": 0.9176,
  "confusion_matrix": [
    [
      82,
      0,
      0,
      0,
      1,
      0
    ],
    [
      1,
      66,
      11,
      4,
      1,
      1
    ],
    [
      0,
      3,
      77,
      3,
      0,
      0
    ],
    [
      0,
      0,
      5,
      74,
      2,
      1
    ],
    [
      0,
      3,
      1,
      0,
      76,
      1
    ],
    [
      1,
      0,
      1,
      1,
      0,
      84
    ]
  ],
  "class_report": {
    "email": {
      "precision": 0.9761904761904762,
      "recall": 0.9879518072289156,
      "f1-score": 0.9820359281437125,
      "support": 83.0
    },
    "form": {
      "precision": 0.9166666666666666,
      "recall": 0.7857142857142857,
      "f1-score": 0.8461538461538461,
      "support": 84.0
    },
    "invoice": {
      "precision": 0.8105263157894737,
      "recall": 0.927710843373494,
      "f1-score": 0.8651685393258427,
      "support": 83.0
    },
    "letter": {
      "precision": 0.9024390243902439,
      "recall": 0.9024390243902439,
      "f1-score": 0.9024390243902439,
      "support": 82.0
    },
    "news_article": {
      "precision": 0.95,
      "recall": 0.9382716049382716,
      "f1-score": 0.9440993788819876,
      "support": 81.0
    },
    "resume": {
      "precision": 0.9655172413793104,
      "recall": 0.9655172413793104,
      "f1-score": 0.9655172413793104,
      "support": 87.0
    },
    "accuracy": 0.918,
    "macro avg": {
      "precision": 0.9202232874026951,
      "recall": 0.9179341345040868,
      "f1-score": 0.917568993045824,
      "support": 500.0
    },
    "weighted avg": {
      "precision": 0.9204949874686716,
      "recall": 0.918,
      "f1-score": 0.9177338871326743,
      "support": 500.0
    }
  }
}